words,noun,adverb,preposition,adjective,verb,conjunction,interjection,pronoun,proper_noun,numeral
a,1,1,1,1,0,0,0,0,0,0
about,0,1,1,1,0,0,0,0,0,0
above,1,1,1,1,0,0,0,0,0,0
academy,1,0,0,0,0,0,0,0,0,0
accent,1,0,0,0,1,0,0,0,0,0
accident,1,0,0,0,0,0,0,0,0,0
across,1,1,1,0,0,0,0,0,0,0
act,1,0,0,0,1,0,0,0,0,0
add,1,0,0,0,1,0,0,0,0,0
address,1,0,0,0,1,0,0,0,0,0
adult,1,0,0,1,1,0,0,0,0,0
adventure,1,0,0,0,1,0,0,0,0,0
advise,0,0,0,0,1,0,0,0,0,0
afraid,0,0,0,1,0,0,0,0,0,0
after,0,1,1,1,0,1,0,0,0,0
afternoon,1,1,0,0,0,0,1,0,0,0
again,0,1,1,0,0,0,0,0,0,0
against,0,0,1,0,0,1,0,0,0,0
age,1,0,0,0,1,0,0,0,0,0
ago,0,1,0,1,0,0,0,0,0,0
agree,0,0,0,0,1,0,0,0,0,0
ahead,0,1,0,0,0,0,0,0,0,0
air,1,0,0,0,1,0,0,0,0,0
airplane,1,0,0,0,1,0,0,0,0,0
aeroplane,1,0,0,0,1,0,0,0,0,0
plane,1,0,0,1,1,0,0,0,0,0
airline,1,0,0,0,0,0,0,0,0,0
airport,1,0,0,0,0,0,0,0,0,0
all,1,1,0,1,0,1,0,1,0,0
almost,1,1,0,0,0,0,0,0,0,0
alone,0,1,0,1,0,0,0,0,0,0
along,0,1,1,0,0,0,0,0,0,0
aloud,0,1,0,1,0,0,0,0,0,0
already,0,1,0,0,0,0,0,0,0,0
alright,0,0,0,1,0,0,1,0,0,0
also,0,1,0,0,0,0,0,0,0,0
always,0,1,0,0,0,0,0,0,0,0
A.M.,0,1,0,1,0,0,0,0,0,0
a.m.,0,1,0,1,0,0,0,0,0,0
and,1,0,0,0,1,1,0,0,0,0
angel,1,0,0,0,1,0,0,0,0,0
anger,1,0,0,0,1,0,0,0,0,0
animal,1,0,0,1,0,0,0,0,0,0
another,0,0,0,0,0,0,0,1,0,0
answer,1,0,0,0,1,0,0,0,0,0
ant,1,0,0,0,1,0,0,0,0,0
any,0,1,0,0,0,0,0,1,0,0
apple,1,0,0,0,1,0,0,0,0,0
area,1,0,0,0,0,0,0,0,0,0
arm,1,0,0,1,1,0,0,0,0,0
around,0,1,1,1,0,0,0,0,0,0
arrive,0,0,0,0,1,0,0,0,0,0
art,1,0,0,0,0,0,0,0,0,0
as,1,1,1,0,0,1,0,0,0,0
ask,1,0,0,0,1,0,0,0,0,0
at,1,0,1,0,1,0,0,1,0,0
aunt,1,0,0,0,0,0,0,0,0,0
away,0,1,0,1,1,0,1,0,0,0
baby,1,0,0,1,1,0,0,0,0,0
babied,0,0,0,1,1,0,0,0,0,0
back,1,1,0,1,1,0,0,0,0,0
background,1,0,0,1,1,0,0,0,0,0
bad,1,1,0,1,1,0,0,0,0,0
worse,1,1,0,1,1,0,0,0,0,0
worst,1,1,0,1,1,0,0,0,0,0
bake,1,0,0,0,1,0,0,0,0,0
ball,1,0,0,0,1,0,1,0,0,0
balloon,1,0,0,0,1,0,0,0,0,0
band,1,0,0,0,1,0,0,0,0,0
bank,1,0,0,0,1,0,0,0,0,0
base,1,0,0,1,1,0,0,0,0,0
bases,1,0,0,0,1,0,0,0,0,0
baseball,1,0,0,0,0,0,0,0,0,0
basic,1,0,0,1,0,0,0,0,0,0
basket,1,0,0,0,1,0,0,0,0,0
basketball,1,0,0,0,0,0,0,0,0,0
bat,1,0,0,0,1,0,0,0,0,0
batted,0,0,0,0,1,0,0,0,0,0
batting,1,0,0,0,1,0,0,0,0,0
bath,1,0,0,0,1,0,0,0,0,0
bathroom,1,0,0,0,0,0,0,0,0,0
battery,1,0,0,0,0,0,0,0,0,0
battle,1,0,0,1,1,0,0,0,0,0
am,0,1,0,0,0,0,0,0,0,0
are,1,0,0,0,0,0,0,0,0,0
been,1,0,0,0,0,0,0,0,0,0
were,1,0,0,0,0,0,0,0,0,0
beach,1,0,0,0,1,0,0,0,0,0
bean,1,0,0,0,1,0,0,0,0,0
bear,1,0,0,1,1,0,0,0,0,0
bore,1,0,0,0,1,0,0,0,0,0
born,1,0,0,1,1,0,0,0,0,0
borne,0,0,0,1,1,0,0,0,0,0
beauty,1,0,0,1,1,0,1,0,0,0
because,0,1,1,0,0,1,0,0,0,0
become,0,0,0,0,1,0,0,0,0,0
became,0,0,0,0,1,0,0,0,0,0
bed,1,0,0,0,1,0,0,0,0,0
bed,1,0,0,0,1,0,0,0,0,0
bedded,0,0,0,0,1,0,0,0,0,0
bedding,1,0,0,0,1,0,0,0,0,0
bedroom,1,0,0,0,0,0,0,0,0,0
bee,1,0,0,0,1,0,0,0,0,0
beef,1,0,0,1,1,0,0,0,0,0
beeves,1,0,0,0,0,0,0,0,0,0
before,0,1,1,0,0,1,0,0,0,0
begin,1,0,0,0,1,0,0,0,0,0
began,0,0,0,0,1,0,0,0,0,0
beginning,1,0,0,1,1,0,0,0,0,0
begun,0,0,0,0,1,0,0,0,0,0
behind,1,1,1,0,0,0,0,0,0,0
believe,0,0,0,0,1,0,0,0,0,0
bell,1,0,0,0,1,0,0,0,0,0
below,0,1,1,0,0,0,0,0,0,0
beside,0,1,1,0,0,0,0,0,0,0
between,1,0,1,0,0,0,0,0,0,0
bicycle,1,0,0,0,1,0,0,0,0,0
big,1,1,0,1,1,0,0,0,0,0
bigger,0,0,0,1,1,0,0,0,0,0
biggest,0,0,0,1,0,0,0,0,0,0
bill,1,0,0,0,1,0,0,0,0,0
bird,1,0,0,0,1,0,0,0,0,0
birth,1,0,0,1,1,0,0,0,0,0
birthday,1,0,0,0,1,0,0,0,0,0
bite,1,0,0,0,1,0,0,0,0,0
bit,1,0,0,1,1,0,0,0,0,0
bitten,0,0,0,0,1,0,0,0,0,0
black,1,0,0,1,1,0,0,0,0,0
block,1,0,0,0,1,0,0,0,0,0
blood,1,0,0,0,1,0,0,0,0,0
blue,1,0,0,1,1,0,0,0,0,0
bluer,1,0,0,1,0,0,0,0,0,0
bluest,0,0,0,1,0,0,0,0,0,0
board,1,0,0,0,1,0,0,0,0,0
boat,1,0,0,0,1,0,0,0,0,0
body,1,0,0,0,1,0,0,0,0,0
bodied,0,0,0,1,1,0,0,0,0,0
bomb,1,0,0,1,1,0,0,0,0,0
bone,1,0,0,1,1,0,0,0,0,0
book,1,0,0,0,1,0,0,0,0,0
boot,1,0,0,0,1,0,0,0,0,0
borrow,1,0,0,0,1,0,0,0,0,0
boss,1,0,0,1,1,0,0,0,0,0
both,0,0,0,0,0,1,0,1,0,0
bottle,1,0,0,0,1,0,0,0,0,0
bottom,1,0,0,1,1,0,0,0,0,0
bowl,1,0,0,0,1,0,0,0,0,0
boy,1,0,0,0,1,0,1,0,0,0
brain,1,0,0,0,1,0,0,0,0,0
brake,1,0,0,0,1,0,0,0,0,0
branch,1,0,0,0,1,0,0,0,0,0
brand,1,0,0,0,1,0,0,0,0,0
brave,1,0,0,1,1,0,0,0,0,0
bread,1,0,0,0,1,0,0,0,0,0
break,1,0,0,0,1,0,0,0,0,0
broke,1,0,0,1,1,0,0,0,0,0
broken,0,0,0,1,1,0,0,0,0,0
breakfast,1,0,0,0,1,0,0,0,0,0
bridge,1,0,0,0,1,0,0,0,0,0
bright,1,0,0,1,0,0,0,0,0,0
bring,0,0,0,0,1,0,1,0,0,0
brought,0,0,0,0,1,0,0,0,0,0
brother,1,0,0,0,1,0,1,0,0,0
brethren,1,0,0,1,0,0,0,0,0,0
brown,1,0,0,1,1,0,0,0,0,0
brush,1,0,0,0,1,0,0,0,0,0
bubble,1,0,0,0,1,0,0,0,0,0
bug,1,0,0,0,1,0,0,0,0,0
bugged,0,0,0,1,1,0,0,0,0,0
bugging,1,0,0,0,1,0,0,0,0,0
build,1,0,0,0,1,0,0,0,0,0
built,1,0,0,1,1,0,0,0,0,0
burn,1,0,0,0,1,0,0,0,0,0
burnt,0,0,0,1,1,0,0,0,0,0
business,1,0,0,1,0,0,0,0,0,0
busy,1,0,0,1,1,0,0,0,0,0
busied,0,0,0,0,1,0,0,0,0,0
busier,0,0,0,1,0,0,0,0,0,0
busiest,0,0,0,1,1,0,0,0,0,0
but,1,1,1,0,1,1,0,0,0,0
button,1,0,0,0,1,0,0,0,0,0
buy,1,0,0,0,1,0,0,0,0,0
bought,1,0,0,0,1,0,0,0,0,0
by,1,1,1,1,0,0,1,0,0,0
cage,1,0,0,0,1,0,0,0,0,0
calendar,1,0,0,0,1,0,0,0,0,0
call,1,0,0,0,1,0,0,0,0,0
calm,1,0,0,1,1,0,0,0,0,0
can,1,0,0,0,1,0,0,0,0,0
canned,0,0,0,1,1,0,0,0,0,0
canning,1,0,0,0,1,0,0,0,0,0
candy,1,0,0,0,1,0,0,0,0,0
candied,0,0,0,1,1,0,0,0,0,0
cap,1,0,0,0,1,0,0,0,0,0
capped,0,0,0,0,1,0,0,0,0,0
capping,1,0,0,0,1,0,0,0,0,0
captain,1,0,0,0,1,0,0,0,0,0
car,1,0,0,0,0,0,0,0,0,0
care,1,0,0,0,1,0,0,0,0,0
carrot,1,0,0,0,1,0,0,0,0,0
carry,1,0,0,0,1,0,0,0,0,0
carried,0,0,0,0,1,0,0,0,0,0
cart,1,0,0,0,1,0,0,0,0,0
case,1,0,0,1,1,0,0,0,0,0
cash,1,0,0,1,1,0,0,0,0,0
castle,1,0,0,0,1,0,0,0,0,0
cat,1,0,0,1,1,0,0,0,0,0
catted,0,0,0,0,1,0,0,0,0,0
catting,0,0,0,0,1,0,0,0,0,0
catch,1,0,0,0,1,0,0,0,0,0
caught,0,0,0,1,1,0,0,0,0,0
certain,1,0,0,1,0,0,0,1,0,0
chain,1,0,0,0,1,0,0,0,0,0
chair,1,0,0,0,1,0,0,0,0,0
chance,1,1,0,1,1,0,0,0,0,0
change,1,0,0,0,1,0,0,0,0,0
cheap,1,1,0,1,1,0,0,0,0,0
check,1,0,0,1,1,0,0,0,0,0
cheque,1,0,0,0,0,0,0,0,0,0
child,1,0,0,0,1,0,0,0,0,0
children,1,0,0,0,0,0,0,0,0,0
choose,1,0,0,0,1,1,0,0,0,0
chose,1,0,0,0,1,0,0,0,0,0
chosen,0,0,0,1,1,0,0,0,0,0
church,1,0,0,0,1,0,0,0,0,0
cinema,1,0,0,0,0,0,0,0,0,0
circle,1,0,0,0,1,0,0,0,0,0
city,1,0,0,0,0,0,0,0,0,0
class,1,0,0,1,1,0,0,0,0,0
classroom,1,0,0,0,0,0,0,0,0,0
clean,1,1,0,1,1,0,0,0,0,0
clear,1,1,0,1,1,0,0,0,0,0
clerk,1,0,0,0,1,0,0,0,0,0
clever,0,0,0,1,0,0,0,0,0,0
climb,1,0,0,0,1,0,0,0,0,0
clip,1,0,0,0,1,0,0,0,0,0
clipped,0,0,0,1,1,0,0,0,0,0
clipping,1,0,0,0,1,0,0,0,0,0
clock,1,0,0,0,1,0,0,0,0,0
close,1,0,0,1,1,0,0,0,0,0
cloth,1,0,0,0,0,0,0,0,0,0
cloud,1,0,0,0,1,0,0,0,0,0
club,1,0,0,0,1,0,0,0,0,0
clubbed,0,0,0,1,1,0,0,0,0,0
clubbing,1,0,0,0,1,0,0,0,0,0
coin,1,0,0,0,1,0,0,0,0,0
cold,1,1,0,1,0,0,0,0,0,0
collect,1,1,0,1,1,0,0,0,0,0
college,1,0,0,0,0,0,0,0,0,0
color,1,0,0,1,1,0,0,0,0,0
colour,1,0,0,1,1,0,0,0,0,0
come,1,0,1,0,1,0,1,0,0,0
came,1,0,1,0,1,0,0,0,0,0
comedy,1,0,0,0,0,0,0,0,0,0
company,1,0,0,0,1,0,0,0,0,0
concert,1,0,0,0,1,0,0,0,0,0
condition,1,0,0,0,1,0,0,0,0,0
congratulate,0,0,0,0,1,0,0,0,0,0
contest,1,0,0,0,1,0,0,0,0,0
control,1,0,0,0,1,0,0,0,0,0
controlled,0,0,0,1,1,0,0,0,0,0
controlling,1,0,0,1,1,0,0,0,0,0
cook,1,0,0,0,1,0,0,0,0,0
cookie,1,0,0,0,1,0,0,0,0,0
cool,1,0,0,1,1,0,0,0,0,0
copy,1,0,0,0,1,0,0,0,0,0
copied,0,0,0,0,1,0,0,0,0,0
corner,1,0,0,0,1,0,0,0,0,0
cost,1,0,0,0,1,0,0,0,0,0
cotton,1,0,0,1,1,0,0,0,0,0
could,1,0,0,0,1,0,0,0,0,0
country,1,0,0,1,0,0,0,0,0,0
countryside,1,0,0,0,0,0,0,0,0,0
couple,1,0,0,1,1,0,0,0,0,0
cousin,1,0,0,0,0,0,0,0,0,0
cover,1,0,0,1,1,0,0,0,0,0
cow,1,0,0,0,1,0,0,0,0,0
crazy,1,1,0,1,0,0,0,0,0,0
crazier,0,0,0,1,0,0,0,0,0,0
craziest,0,0,0,1,0,0,0,0,0,0
cross,1,0,1,1,1,0,0,0,0,0
crowd,1,0,0,0,1,0,0,0,0,0
crown,1,0,0,1,1,0,0,0,0,0
cry,1,0,0,0,1,0,0,0,0,0
cried,0,0,0,0,1,0,0,0,0,0
crying,1,0,0,1,1,0,0,0,0,0
culture,1,0,0,0,1,0,0,0,0,0
curious,0,0,0,1,0,0,0,0,0,0
curtain,1,0,0,0,1,0,0,0,0,0
customer,1,0,0,0,0,0,0,0,0,0
customer,1,0,0,0,0,0,0,0,0,0
cut,1,0,0,1,1,0,0,0,0,0
cutting,1,0,0,1,1,0,0,0,0,0
cute,0,0,0,1,0,0,0,0,0,0
cuter,0,0,0,1,0,0,0,0,0,0
cycle,1,0,0,0,1,0,0,0,0,0
dad,1,0,0,0,1,0,0,0,0,0
dance,1,0,0,0,1,0,0,0,0,0
danger,1,0,0,0,1,0,0,0,0,0
dark,1,0,0,1,1,0,0,0,0,0
date,1,0,0,0,1,0,0,0,0,0
daughter,1,0,0,0,0,0,0,0,0,0
day,1,0,0,0,1,0,0,0,0,0
dead,1,1,0,1,1,0,0,0,0,0
death,1,0,0,0,0,0,0,0,0,0
decide,0,0,0,0,1,0,0,0,0,0
deep,1,1,0,1,0,0,0,0,0,0
delicious,0,0,0,1,0,0,0,0,0,0
dentist,1,0,0,0,0,0,0,0,0,0
design,1,0,0,0,1,0,0,0,0,0
desk,1,0,0,0,1,0,0,0,0,0
dialogue,1,0,0,0,1,0,0,0,0,0
dialog,1,0,0,0,1,0,0,0,0,0
diary,1,0,0,1,1,0,0,0,0,0
die,1,0,0,0,1,0,0,0,0,0
dying,1,0,0,1,1,0,0,0,0,0
different,1,1,0,1,0,0,0,0,0,0
difficult,0,0,0,1,1,0,0,0,0,0
dinner,1,0,0,0,1,0,0,0,0,0
dirty,0,1,0,1,1,0,0,0,0,0
dirtied,0,0,0,0,1,0,0,0,0,0
dirtier,0,0,0,1,0,0,0,0,0,0
dirtiest,0,0,0,1,1,0,0,0,0,0
discuss,0,0,0,0,1,0,0,0,0,0
dish,1,0,0,0,1,0,0,0,0,0
divide,1,0,0,0,1,0,0,0,0,0
do,1,1,0,0,1,0,0,0,0,0
did,0,0,0,0,1,0,0,0,0,0
done,1,0,0,1,1,0,0,0,0,0
doctor,1,0,0,0,1,0,0,0,0,0
dog,1,0,0,0,1,0,0,0,0,0
dogged,0,1,0,1,1,0,0,0,0,0
dogging,1,0,0,0,1,0,0,0,0,0
doll,1,0,0,0,0,0,0,0,0,0
dolphin,1,0,0,0,0,0,0,0,0,0
door,1,0,0,0,1,0,0,0,0,0
double,1,1,0,1,1,0,0,0,0,0
down,1,1,1,1,1,0,0,0,0,0
draw,1,0,0,0,1,0,0,0,0,0
drawn,0,0,0,1,1,0,0,0,0,0
drew,0,0,0,0,1,0,0,0,0,0
dream,1,0,0,1,1,0,0,0,0,0
dreamt,0,0,0,1,1,0,0,0,0,0
drink,1,0,0,0,1,0,0,0,0,0
drank,1,0,0,0,1,0,0,0,0,0
drunk,1,0,0,1,1,0,0,0,0,0
drive,1,0,0,0,1,0,0,0,0,0
driven,0,0,0,1,1,0,0,0,0,0
drove,1,0,0,0,1,0,0,0,0,0
drop,1,0,0,0,1,0,0,0,0,0
dropped,0,0,0,0,1,0,0,0,0,0
dropping,1,0,0,0,1,0,0,0,0,0
dry,1,0,0,1,1,0,0,0,0,0
dried,0,0,0,1,1,0,0,0,0,0
drier,1,0,0,1,0,0,0,0,0,0
driest,0,0,0,1,0,0,0,0,0,0
dryer,1,0,0,1,0,0,0,0,0,0
duck,1,0,0,0,1,0,0,0,0,0
during,0,0,1,0,1,0,0,0,0,0
ear,1,0,0,0,1,0,0,0,0,0
early,1,1,0,1,0,0,0,0,0,0
earlier,0,1,0,1,0,0,0,0,0,0
earliest,0,1,0,1,0,0,0,0,0,0
earth,1,0,0,0,1,0,0,0,1,0
east,1,1,0,1,0,0,0,0,0,0
easy,1,1,0,1,1,0,0,0,0,0
easier,0,1,0,1,0,0,0,0,0,0
easiest,0,0,0,1,0,0,0,0,0,0
eat,1,0,0,0,1,0,0,0,0,0
ate,0,0,0,0,1,0,0,0,0,0
eaten,0,0,0,1,1,0,0,0,0,0
egg,1,0,0,0,1,0,0,0,0,0
elementary,1,0,0,1,0,0,0,0,0,0
elephant,1,0,0,0,0,0,0,0,0,0
end,1,0,0,0,1,0,0,0,0,0
engine,1,0,0,0,1,0,0,0,0,0
engineer,1,0,0,0,1,0,0,0,0,0
enjoy,0,0,0,0,1,0,0,0,0,0
enough,0,1,0,0,0,0,1,1,0,0
enter,1,0,0,0,1,0,0,0,0,0
eraser,1,0,0,0,0,0,0,0,0,0
error,1,0,0,0,1,0,0,0,0,0
evening,1,0,0,0,1,0,0,0,0,0
exam,1,0,0,0,1,0,0,0,0,0
examination,1,0,0,0,0,0,0,0,0,0
example,1,0,0,0,1,0,0,0,0,0
exercise,1,0,0,0,1,0,0,0,0,0
exit,1,0,0,0,1,0,0,0,0,0
eye,1,0,0,0,1,0,0,0,0,0
face,1,0,0,0,1,0,0,0,0,0
fact,1,0,0,0,0,0,1,0,0,0
factory,1,0,0,1,0,0,0,0,0,0
fail,1,0,0,1,1,0,0,0,0,0
fall,1,0,0,0,1,0,0,0,0,0
fallen,1,0,0,1,1,0,0,0,0,0
fell,1,1,0,1,1,0,0,0,0,0
family,1,0,0,1,0,0,0,0,0,0
famous,0,0,0,1,1,0,0,0,0,0
fan,1,0,0,0,1,0,0,0,0,0
fanned,0,0,0,0,1,0,0,0,0,0
fanning,1,0,0,0,1,0,0,0,0,0
fantastic,1,0,0,1,0,0,0,0,0,0
far,1,1,0,1,0,0,0,0,0,0
farm,1,0,0,0,1,0,0,0,0,0
fast,1,1,0,1,1,0,1,0,0,0
fat,1,0,0,1,1,0,0,0,0,0
fatted,0,0,0,1,0,0,0,0,0,0
fatting,0,0,0,0,1,0,0,0,0,0
fatter,0,0,0,1,0,0,0,0,0,0
fattest,0,0,0,1,0,0,0,0,0,0
father,1,0,0,0,1,0,0,0,0,0
favorite,1,0,0,1,1,0,0,0,0,0
favourite,1,0,0,1,1,0,0,0,0,0
feel,1,1,0,1,1,0,0,1,0,0
felt,1,0,0,1,1,0,0,0,0,0
fever,1,0,0,0,1,0,0,0,0,0
field,1,0,0,0,1,0,0,0,0,0
fight,1,0,0,0,1,0,0,0,0,0
fought,0,0,0,0,1,0,0,0,0,0
file,1,0,0,0,1,0,0,0,0,0
fill,1,0,0,0,1,0,0,0,0,0
find,1,0,0,0,1,0,0,0,0,0
found,1,0,0,0,1,0,0,0,0,0
fine,1,1,0,1,1,0,0,0,0,0
finger,1,0,0,0,1,0,0,0,0,0
finish,1,0,0,0,1,0,0,0,0,0
fire,1,0,0,1,1,0,0,0,0,0
fish,1,0,0,0,1,0,0,0,0,0
fishes,1,0,0,0,1,0,0,0,0,0
fix,1,0,0,0,1,0,0,0,0,0
flag,1,0,0,0,1,0,0,0,0,0
flagged,0,0,0,1,1,0,0,0,0,0
flagging,1,0,0,0,1,0,0,0,0,0
floor,1,0,0,0,1,0,0,0,0,0
flower,1,0,0,0,1,0,0,0,0,0
fly,1,0,0,1,1,0,0,0,0,0
flew,1,0,0,1,1,0,0,0,0,0
flown,0,0,0,1,1,0,0,0,0,0
focus,1,0,0,0,1,0,0,0,0,0
foci,1,0,0,0,0,0,0,0,0,0
fog,1,0,0,0,1,0,0,0,0,0
fogged,0,0,0,0,1,0,0,0,0,0
fogging,1,0,0,0,1,0,0,0,0,0
food,1,0,0,0,0,0,0,0,0,0
fool,1,0,0,1,1,0,0,0,0,0
foot,1,0,0,0,1,0,0,0,0,0
feet,1,0,0,0,0,0,0,0,0,0
football,1,0,0,0,1,0,0,0,0,0
forest,1,0,0,0,1,0,0,0,0,0
forest,1,0,0,0,1,0,0,0,0,0
forever,1,1,0,1,0,0,0,0,0,0
forget,0,0,0,0,1,0,0,0,0,0
forgetting,1,0,0,0,1,0,0,0,0,0
forgot,0,0,0,0,1,0,0,0,0,0
forgotten,1,0,0,1,1,0,0,0,0,0
form,1,0,0,0,1,0,0,0,0,0
fox,1,0,0,0,1,0,0,0,0,0
free,1,1,0,1,1,0,0,0,0,0
freer,1,0,0,1,0,0,0,0,0,0
freest,0,0,0,1,1,0,0,0,0,0
fresh,1,1,0,1,1,0,0,0,0,0
friend,1,0,0,0,1,0,0,0,0,0
frog,1,0,0,0,1,0,0,0,0,0
frogged,0,0,0,1,1,0,0,0,0,0
frogging,1,0,0,0,1,0,0,0,0,0
from,0,0,1,0,0,0,0,0,0,0
front,1,0,0,1,1,0,0,0,0,0
fruit,1,0,0,0,1,0,0,0,0,0
fry,1,0,0,0,1,0,0,0,0,0
fried,0,0,0,1,1,0,0,0,0,0
full,1,1,0,1,1,0,0,0,0,0
fun,1,0,0,1,1,0,0,0,0,0
funned,0,0,0,0,1,0,0,0,0,0
funning,0,0,0,0,1,0,0,0,0,0
future,1,0,0,1,0,0,0,0,0,0
garden,1,0,0,1,1,0,0,0,0,0
gate,1,0,0,0,1,0,0,0,0,0
gentleman,1,0,0,0,0,0,0,0,0,0
gesture,1,0,0,0,1,0,0,0,0,0
get,1,0,0,0,1,0,0,0,0,0
getting,1,0,0,0,1,0,0,0,0,0
got,0,0,0,0,1,0,0,0,0,0
gotten,0,0,0,1,1,0,0,0,0,0
ghost,1,0,0,0,1,0,0,0,0,0
giant,1,0,0,1,0,0,0,0,0,0
gift,1,0,0,0,1,0,0,0,0,0
giraffe,1,0,0,0,0,0,0,0,0,0
girl,1,0,0,0,1,0,0,0,0,0
give,1,0,0,0,1,0,0,0,0,0
gave,0,0,0,0,1,0,0,0,0,0
given,1,0,1,1,1,0,0,0,0,0
glad,0,0,0,1,1,0,0,0,0,0
gladder,0,0,0,1,0,0,0,0,0,0
gladdest,0,0,0,1,0,0,0,0,0,0
glass,1,0,0,0,1,0,0,0,0,0
glove,1,0,0,0,1,0,0,0,0,0
glue,1,0,0,0,1,0,0,0,0,0
go,1,0,0,1,1,0,0,0,0,0
gone,0,0,1,1,1,0,0,0,0,0
went,1,0,0,0,1,0,0,0,0,0
goes,1,0,0,0,1,0,0,0,0,0
goal,1,0,0,0,1,0,0,0,0,0
god,1,0,0,0,1,0,0,0,1,0
gold,1,1,0,1,1,0,0,0,0,0
good,1,1,0,1,1,0,1,0,0,0
best,1,1,0,1,1,0,0,0,0,0
better,1,1,0,1,1,0,0,0,0,0
goodbye,1,0,0,0,1,0,1,0,0,0
grandfather,1,0,0,0,1,0,0,0,0,0
grape,1,0,0,1,1,0,0,0,0,0
grass,1,0,0,0,1,0,0,0,0,0
great,1,1,0,1,0,0,1,0,0,0
green,1,0,0,1,1,0,0,0,0,0
grey,1,0,0,1,1,0,0,0,0,0
gray,1,0,0,1,1,0,0,0,0,0
ground,1,0,0,1,1,0,0,0,0,0
group,1,0,0,0,1,0,0,0,0,0
grow,0,0,0,0,1,0,0,0,0,0
grew,0,0,0,0,1,0,0,0,0,0
grown,0,0,0,1,1,0,0,0,0,0
guess,1,0,0,0,1,0,0,0,0,0
guide,1,0,0,0,1,0,0,0,0,0
guy,1,0,0,0,1,0,0,0,0,0
habit,1,0,0,0,1,0,0,0,0,0
hair,1,0,0,0,1,0,0,0,0,0
hand,1,0,0,0,1,0,0,0,0,0
handsome,0,0,0,1,1,0,0,0,0,0
hang,1,0,0,0,1,0,0,0,0,0
hung,0,0,0,1,1,0,0,0,0,0
happy,1,0,0,1,1,0,0,0,0,0
happier,0,0,0,1,0,0,0,0,0,0
happiest,0,0,0,1,0,0,0,0,0,0
hard,1,1,0,1,0,0,0,0,0,0
hat,1,0,0,0,1,0,0,0,0,0
hatted,0,0,0,1,1,0,0,0,0,0
hate,1,0,0,0,1,0,0,0,0,0
have,1,0,0,0,1,0,0,0,0,0
had,0,0,0,0,1,0,0,0,0,0
has,0,0,0,0,1,0,0,0,0,0
he,1,0,0,0,0,0,1,1,0,0
head,1,0,0,1,1,0,0,0,0,0
headache,1,0,0,0,0,0,0,0,0,0
heart,1,0,0,0,1,0,0,0,0,0
heat,1,0,0,0,1,0,0,0,0,0
heaven,1,0,0,0,1,0,0,0,0,0
heavy,1,1,0,1,1,0,0,0,0,0
heavier,0,0,0,1,0,0,0,0,0,0
heaviest,0,0,0,1,0,0,0,0,0,0
helicopter,1,0,0,0,1,0,0,0,0,0
hello,1,0,0,0,1,0,1,0,0,0
hi,1,0,0,1,0,0,1,0,0,0
hey,1,0,0,0,0,0,1,0,0,0
help,1,0,0,0,1,0,1,0,0,0
here,1,1,0,1,0,0,1,0,0,0
hero,1,0,0,0,0,0,0,0,0,0
heroes,1,0,0,0,0,0,0,0,0,0
high,1,1,0,1,1,0,0,0,0,0
hill,1,0,0,0,1,0,0,0,0,0
history,1,0,0,0,1,0,0,0,0,0
hit,1,0,0,1,1,0,0,1,0,0
hitting,1,0,0,0,1,0,0,0,0,0
hobby,1,0,0,0,0,0,0,0,0,0
hold,1,0,0,1,1,0,0,0,0,0
held,0,0,0,0,1,0,0,0,0,0
holiday,1,0,0,0,1,0,0,0,0,0
home,1,1,0,1,1,0,0,0,0,0
homework,1,0,0,0,0,0,0,0,0,0
honest,0,1,0,1,1,0,0,0,0,0
honey,1,0,0,1,1,0,0,0,0,0
honied,0,0,0,1,0,0,0,0,0,0
hope,1,0,0,0,1,0,0,0,0,0
horse,1,0,0,0,1,0,0,0,0,0
hospital,1,0,0,1,0,0,0,0,0,0
hot,0,0,0,1,1,0,0,0,0,0
hotter,1,0,0,1,1,0,0,0,0,0
hottest,0,0,0,1,0,0,0,0,0,0
hour,1,0,0,0,0,0,0,0,0,0
house,1,0,0,0,1,0,0,0,0,0
how,1,1,0,0,0,1,1,0,0,0
however,0,1,0,0,0,1,0,0,0,0
human,1,0,0,1,1,0,0,0,0,0
humor,1,0,0,0,1,0,0,0,0,0
humour,1,0,0,0,1,0,0,0,0,0
hundred,1,0,0,0,0,0,0,0,0,1
hungry,0,0,0,1,0,0,0,0,0,0
hungrier,0,0,0,1,0,0,0,0,0,0
hungriest,0,0,0,1,0,0,0,0,0,0
hunt,1,0,0,0,1,0,0,0,0,0
hurry,1,0,0,0,1,0,0,0,0,0
hurried,0,0,0,1,1,0,0,0,0,0
husband,1,0,0,0,1,0,0,0,0,0
I,1,0,0,0,0,0,0,1,0,0
ice,1,0,0,0,1,0,0,0,0,0
idea,1,0,0,0,0,0,0,0,0,0
if,1,0,0,0,0,1,0,0,0,0
important,0,0,0,1,0,0,0,0,0,0
in,1,1,1,1,1,0,0,0,0,0
inside,1,1,1,1,0,0,0,0,0,0
into,0,0,1,0,0,0,0,0,0,0
introduce,0,0,0,0,1,0,0,0,0,0
invite,1,0,0,0,1,0,0,0,0,0
it,1,0,0,1,0,0,0,1,1,0
jeans,1,0,0,0,0,0,0,0,0,0
job,1,0,0,0,1,0,0,0,0,0
jobbed,0,0,0,0,1,0,0,0,0,0
jobbing,1,0,0,1,1,0,0,0,0,0
join,1,0,0,0,1,0,0,0,0,0
joy,1,0,0,0,1,0,0,0,0,0
just,1,1,0,1,1,0,1,0,0,0
keep,1,0,0,0,1,0,0,0,0,0
kept,0,0,0,0,1,0,0,0,0,0
key,1,0,0,1,1,0,0,0,0,0
kick,1,0,0,0,1,0,0,0,0,0
kid,1,0,0,0,1,0,0,0,0,0
kidded,0,0,0,0,1,0,0,0,0,0
kidding,1,0,0,0,1,0,0,0,0,0
kill,1,0,0,0,1,0,0,0,0,0
kind,1,0,0,1,0,0,0,0,0,0
king,1,0,0,0,1,0,0,0,0,0
kitchen,1,0,0,0,1,0,0,0,0,0
knife,1,0,0,0,1,0,0,0,0,0
knives,1,0,0,0,1,0,0,0,0,0
know,1,0,0,0,1,0,0,0,0,0
knew,0,0,0,0,1,0,0,0,0,0
known,1,0,0,1,1,0,0,0,0,0
lady,1,0,0,0,0,0,0,0,0,0
lake,1,0,0,0,1,0,0,0,0,0
land,1,0,0,1,1,0,0,0,0,0
large,1,1,0,1,0,0,0,0,0,0
last,1,1,0,1,1,0,0,0,0,0
late,1,1,0,1,0,0,0,0,0,0
lazy,1,0,0,1,1,0,0,0,0,0
lazier,0,0,0,1,0,0,0,0,0,0
laziest,0,0,0,1,0,0,0,0,0,0
leaf,1,0,0,0,1,0,0,0,0,0
leaves,1,0,0,0,1,0,0,0,0,0
learn,1,0,0,0,1,0,0,0,0,0
learnt,0,0,0,0,1,0,0,0,0,0
left,1,1,0,1,1,0,0,0,0,0
leg,1,0,0,1,1,0,0,0,0,0
lesson,1,0,0,0,1,0,0,0,0,0
letter,1,0,0,0,1,0,0,0,0,0
library,1,0,0,0,0,0,0,0,0,0
lie,1,0,0,0,1,0,0,0,0,0
lain,0,0,0,0,1,0,0,0,0,0
lay,1,0,0,1,1,0,0,0,0,0
lying,1,0,0,0,1,0,0,0,0,0
light,1,1,0,1,1,0,0,0,0,0
lit,1,0,0,1,1,0,0,0,0,0
like,1,1,1,1,1,1,1,0,0,0
line,1,0,0,0,1,0,0,0,0,0
lion,1,0,0,1,0,0,0,0,0,0
lip,1,0,0,0,1,0,0,0,0,0
lipped,0,0,0,1,1,0,0,0,0,0
lipping,1,0,0,0,1,0,0,0,0,0
listen,1,0,0,0,1,0,0,0,0,0
little,1,1,0,1,0,0,0,1,0,0
live,1,1,0,1,1,0,0,0,0,0
livingroom,1,0,0,0,0,0,0,0,0,0
long,1,1,0,1,1,0,0,0,0,0
love,1,0,0,0,1,0,0,0,0,0
low,1,1,0,1,1,0,0,0,0,0
luck,1,0,0,0,1,0,0,0,0,0
lunch,1,0,0,0,1,0,0,0,0,0
mad,0,1,0,1,1,0,0,0,0,0
madded,0,0,0,0,1,0,0,0,0,0
madding,0,0,0,1,1,0,0,0,0,0
madder,1,0,0,1,0,0,0,0,0,0
maddest,0,0,0,1,0,0,0,0,0,0
mail,1,0,0,0,1,0,0,0,0,0
make,1,0,0,0,1,0,0,0,0,0
made,1,0,0,0,1,0,0,0,0,0
man,1,0,0,0,1,0,1,0,0,0
manned,0,0,0,1,1,0,0,0,0,0
manning,0,0,0,0,1,0,0,0,0,0
men,1,0,0,0,0,0,0,0,0,0
many,1,0,0,1,0,0,0,1,0,0
map,1,0,0,0,1,0,0,0,0,0
mapped,0,0,0,0,1,0,0,0,0,0
mapping,1,0,0,0,1,0,0,0,0,0
marry,0,0,0,0,1,0,1,0,0,0
married,1,0,0,1,1,0,0,0,0,0
mathematics,1,0,0,0,0,0,0,0,0,0
math,1,0,0,0,1,0,0,0,0,0
maths,1,0,0,0,0,0,0,0,0,0
may,1,0,0,0,1,0,0,0,0,0
might,1,0,0,1,1,0,0,0,0,0
meat,1,0,0,0,0,0,0,0,0,0
meet,1,0,0,1,1,0,0,0,0,0
met,0,0,0,0,1,0,0,0,0,0
memory,1,0,0,0,0,0,0,0,0,0
middle,1,0,0,1,1,0,0,0,0,0
might,1,0,0,1,1,0,0,0,0,0
milk,1,0,0,0,1,0,0,0,0,0
mind,1,0,0,0,1,0,0,0,0,0
mirror,1,0,0,0,1,0,0,0,0,0
miss,1,0,0,0,1,0,0,0,0,0
money,1,0,0,0,0,0,0,0,0,0
monkey,1,0,0,0,1,0,0,0,0,0
month,1,0,0,0,0,0,0,0,0,0
moon,1,0,0,0,1,0,0,0,1,0
morning,1,0,0,0,0,0,1,0,0,0
mother,1,0,0,0,1,0,0,0,0,0
mountain,1,0,0,0,0,0,0,0,0,0
mouse,1,0,0,0,1,0,0,0,0,0
mice,1,0,0,0,0,0,0,0,0,0
mouth,1,0,0,0,1,0,0,0,0,0
move,1,0,0,0,1,0,0,0,0,0
movie,1,0,0,0,0,0,0,0,0,0
much,0,1,0,1,0,0,0,1,0,0
museum,1,0,0,0,0,0,0,0,0,0
music,1,0,0,0,1,0,0,0,0,0
must,1,0,0,0,1,0,0,0,0,0
name,1,0,0,0,1,0,0,0,0,0
nation,1,1,0,0,0,0,0,0,0,0
nature,1,0,0,0,1,0,0,0,0,0
near,1,1,1,1,1,0,0,0,0,0
neck,1,0,0,0,1,0,0,0,0,0
need,1,0,0,0,1,0,0,0,0,0
never,0,1,0,0,0,0,0,0,0,0
new,1,1,0,1,1,0,0,0,0,0
newspaper,1,0,0,0,1,0,0,0,0,0
next,1,1,1,1,0,0,0,0,0,0
nice,1,1,0,1,1,0,1,0,0,0
night,1,0,0,0,1,0,1,0,0,0
no,1,1,1,0,0,0,0,0,0,0
noes,1,0,0,0,0,0,0,0,0,0
nay,1,1,0,1,1,0,1,0,0,0
nope,1,0,0,0,1,0,0,0,0,0
noon,1,0,0,0,1,0,0,0,0,0
north,1,1,0,1,1,0,0,0,0,0
nose,1,0,0,0,1,0,0,0,0,0
not,1,1,0,0,0,1,1,0,0,0
note,1,0,0,0,1,0,0,0,0,0
nothing,1,1,0,0,0,0,0,1,0,0
now,1,1,0,1,0,1,1,0,0,0
number,1,0,0,1,1,0,0,0,0,0
number,1,0,0,1,1,0,0,0,0,0
nurse,1,0,0,0,1,0,0,0,0,0
ocean,1,0,0,0,0,0,0,0,0,0
of,0,0,1,0,1,0,0,0,0,0
off,1,1,1,1,1,0,0,0,0,0
offer,1,0,0,0,1,0,0,0,0,0
office,1,0,0,0,1,0,0,0,0,0
often,0,1,0,1,0,0,0,0,0,0
oil,1,0,0,0,1,0,0,0,0,0
old,1,0,0,1,0,0,0,0,0,0
on,1,1,1,1,1,0,0,0,0,0
one,1,0,0,1,1,0,0,1,0,1
only,1,1,0,1,0,1,0,0,0,0
open,1,0,0,1,1,0,0,0,0,0
or,1,1,1,1,0,1,0,0,0,0
out,1,1,1,1,1,0,1,0,0,0
over,1,1,1,1,1,0,1,0,0,0
paint,1,0,0,0,1,0,0,0,0,0
palace,1,0,0,0,1,0,0,0,0,0
pants,1,0,0,1,1,0,0,0,0,0
paper,1,0,0,1,1,0,0,0,0,0
parent,1,0,0,0,1,0,0,0,0,0
park,1,0,0,0,1,0,0,0,0,0
part,1,1,0,1,1,0,0,0,0,0
pass,1,0,0,0,1,0,0,0,0,0
pay,1,0,0,1,1,0,0,0,0,0
paid,0,0,0,1,1,0,0,0,0,0
peace,1,0,0,0,1,0,1,0,0,0
pear,1,0,0,0,0,0,0,0,0,0
pencil,1,0,0,0,1,0,0,0,0,0
pencilled,0,0,0,1,1,0,0,0,0,0
pencilling,1,0,0,0,1,0,0,0,0,0
people,1,0,0,0,1,0,0,0,0,0
pick,1,0,0,0,1,0,0,0,0,0
picnic,1,0,0,0,1,0,0,0,0,0
picnicked,0,0,0,0,1,0,0,0,0,0
picnicking,1,0,0,0,1,0,0,0,0,0
picture,1,0,0,0,1,0,0,0,0,0
pig,1,0,0,0,1,0,0,0,0,0
pigged,0,0,0,0,1,0,0,0,0,0
pigging,1,0,0,1,1,0,0,0,0,0
pink,1,0,0,1,1,0,0,0,0,0
place,1,0,0,0,1,0,0,0,0,0
plan,1,0,0,0,1,0,0,0,0,0
planned,0,0,0,1,1,0,0,0,0,0
planning,1,0,0,0,1,0,0,0,0,0
play,1,0,0,0,1,0,0,0,0,0
please,0,1,0,0,1,0,0,0,0,0
P.M.,0,1,0,0,0,0,0,0,0,0
p.m.,0,1,0,0,0,0,0,0,0,0
pocket,1,0,0,1,1,0,0,0,0,0
point,1,0,0,0,1,0,0,0,0,0
police,1,0,0,0,1,0,0,0,0,0
poor,1,0,0,1,0,0,0,0,0,0
potato,1,0,0,0,0,0,0,0,0,0
potatoes,1,0,0,0,0,0,0,0,0,0
power,1,0,0,1,1,0,0,0,0,0
present,1,0,0,1,1,0,0,0,0,0
pretty,1,1,0,1,1,0,0,0,0,0
prettied,0,0,0,0,1,0,0,0,0,0
prettier,0,0,0,1,0,0,0,0,0,0
prettiest,0,0,0,1,0,0,0,0,0,0
prince,1,0,0,0,0,0,0,0,0,0
print,1,0,0,1,1,0,0,0,0,0
prize,1,0,0,1,1,0,0,0,0,0
problem,1,0,0,1,0,0,0,0,0,0
puppy,1,0,0,0,1,0,0,0,0,0
push,1,0,0,0,1,0,0,0,0,0
put,1,0,0,0,1,0,0,0,0,0
putting,1,0,0,0,1,0,0,0,0,0
puzzle,1,0,0,0,1,0,0,0,0,0
queen,1,0,0,0,1,0,0,0,0,0
question,1,0,0,0,1,0,0,0,0,0
quick,1,1,0,1,1,0,0,0,0,0
quiet,1,0,0,1,1,0,1,0,0,0
rabbit,1,0,0,0,1,0,0,0,0,0
race,1,0,0,0,1,0,0,0,0,0
rain,1,0,0,0,1,0,0,0,0,0
rainbow,1,0,0,1,1,0,0,0,0,0
read,1,0,0,0,1,0,0,0,0,0
ready,1,0,0,1,1,0,0,0,0,0
readier,1,0,0,1,0,0,0,0,0,0
readiest,0,0,0,1,0,0,0,0,0,0
red,1,0,0,1,1,0,0,0,0,0
red,1,0,0,1,1,0,0,0,0,0
redding,0,0,0,0,1,0,0,0,0,0
redder,0,0,0,1,0,0,0,0,0,0
reddest,0,0,0,1,0,0,0,0,0,0
remember,0,0,0,0,1,0,0,0,0,0
restaurant,1,0,0,0,0,0,0,0,0,0
restroom,1,0,0,0,0,0,0,0,0,0
return,1,0,0,0,1,0,0,0,0,0
rich,0,0,0,1,1,0,0,0,0,0
right,1,1,0,1,1,0,1,0,0,0
ring,1,0,0,0,1,0,0,0,0,0
rang,0,0,0,0,1,0,0,0,0,0
rung,1,0,0,1,1,0,0,0,0,0
river,1,0,0,0,1,0,0,0,0,0
road,1,0,0,1,0,0,0,0,0,0
rock,1,0,0,0,1,0,0,0,0,0
roof,1,0,0,0,1,0,0,0,0,0
room,1,1,0,1,1,0,0,0,0,0
run,1,0,0,1,1,0,0,0,0,0
ran,1,0,0,0,1,0,0,0,0,0
running,1,1,1,1,1,0,0,0,0,0
sad,1,0,0,1,1,0,0,0,0,0
sadder,0,0,0,1,0,0,0,0,0,0
saddest,0,0,0,1,0,0,0,0,0,0
safe,1,0,0,1,1,0,0,0,0,0
sale,1,0,0,0,0,0,0,0,0,0
salt,1,0,0,1,1,0,0,0,0,0
same,0,1,0,1,0,0,1,1,0,0
sand,1,0,0,1,1,0,0,0,0,0
save,1,0,1,0,1,1,0,0,0,0
say,1,1,0,0,1,0,1,0,0,0
said,0,0,0,1,1,0,0,0,0,0
school,1,0,0,0,1,0,0,0,0,0
science,1,0,0,0,1,0,0,0,0,0
scissors,1,0,0,0,1,0,0,0,0,0
score,1,0,0,0,1,0,1,0,0,0
sea,1,0,0,0,0,0,0,0,0,0
season,1,0,0,0,1,0,0,0,0,0
see,1,0,0,0,1,0,1,0,0,0
saw,1,0,0,0,1,0,1,0,0,0
seen,1,0,0,0,1,0,0,0,0,0
sell,1,0,0,0,1,0,0,0,0,0
sold,1,0,0,0,1,0,0,0,0,0
send,1,0,0,0,1,0,0,0,0,0
sent,1,0,0,0,0,0,0,0,0,0
she,1,0,0,0,0,0,0,1,0,0
ship,1,0,0,0,1,0,0,0,0,0
shipped,0,0,0,1,1,0,0,0,0,0
shipping,1,0,0,0,1,0,0,0,0,0
shock,1,0,0,0,1,0,0,0,0,0
shoe,1,0,0,0,1,0,0,0,0,0
shod,0,0,0,1,1,0,0,0,0,0
shop,1,0,0,0,1,0,1,0,0,0
shopped,0,0,0,0,1,0,0,0,0,0
shopping,1,0,0,0,1,0,0,0,0,0
short,1,1,1,1,1,0,0,0,0,0
should,1,0,0,0,1,0,0,0,0,0
show,1,0,0,0,1,0,0,0,0,0
shown,0,0,0,0,1,0,0,0,0,0
shy,1,0,0,1,1,0,0,0,0,0
shied,0,0,0,0,1,0,0,0,0,0
shyer,1,0,0,1,0,0,0,0,0,0
shyest,0,0,0,1,0,0,0,0,0,0
sick,1,0,0,1,1,0,0,0,0,0
side,1,1,0,1,1,0,0,0,0,0
sing,1,0,0,0,1,0,0,0,0,0
sang,1,0,0,0,1,0,0,0,0,0
singing,1,0,0,1,1,0,0,0,0,0
sung,0,0,0,0,1,0,0,0,0,0
sister,1,0,0,0,1,0,0,0,0,0
sit,1,0,0,0,1,0,0,0,0,0
sat,1,0,0,0,1,0,0,0,0,0
sitting,1,0,0,1,1,0,0,0,0,0
size,1,0,0,0,1,0,0,0,0,0
skin,1,0,0,0,1,0,0,0,0,0
skinned,0,0,0,1,1,0,0,0,0,0
skinning,1,0,0,1,1,0,0,0,0,0
skirt,1,0,0,0,1,0,0,0,0,0
sky,1,0,0,0,1,0,0,0,0,0
sleep,1,0,0,0,1,0,0,0,0,0
slept,0,0,0,0,1,0,0,0,0,0
slow,1,1,0,1,1,0,0,0,0,0
small,1,1,0,1,1,0,0,0,0,0
smart,1,0,0,1,1,0,0,0,0,0
smell,1,0,0,0,1,0,0,0,0,0
smelt,1,0,0,0,1,0,0,0,0,0
smile,1,0,0,0,1,0,0,0,0,0
snow,1,0,0,0,1,0,0,0,0,0
so,1,1,0,1,0,1,1,1,0,0
soccer,1,0,0,0,1,0,0,0,0,0
sock,1,0,0,1,1,0,0,0,0,0
soft,1,1,0,1,0,0,1,0,0,0
some,0,1,0,0,0,0,0,1,0,0
son,1,0,0,0,1,0,0,0,0,0
song,1,0,0,0,0,0,0,0,0,0
sorry,1,0,0,1,0,0,1,0,0,0
sorrier,0,0,0,1,0,0,0,0,0,0
sorriest,0,0,0,1,0,0,0,0,0,0
sound,1,1,0,1,1,0,1,0,0,0
sour,1,0,0,1,1,0,0,0,0,0
south,1,1,0,1,1,0,0,0,0,0
space,1,0,0,0,1,0,0,0,0,0
speak,1,0,0,0,1,0,0,0,0,0
spoke,1,0,0,0,1,0,0,0,0,0
spoken,0,0,0,1,1,0,0,0,0,0
speed,1,0,0,0,1,0,0,0,0,0
sped,0,0,0,0,1,0,0,0,0,0
spoon,1,0,0,0,1,0,0,0,0,0
stand,1,0,0,0,1,0,0,0,0,0
stood,0,0,0,0,1,0,0,0,0,0
start,1,0,0,0,1,0,0,0,0,0
stay,1,1,0,1,1,0,0,0,0,0
stone,1,1,0,1,1,0,0,0,0,0
stop,1,0,0,1,1,0,0,0,0,0
stopped,0,0,0,1,1,0,0,0,0,0
stopping,1,0,0,0,1,0,0,0,0,0
store,1,0,0,0,1,0,0,0,0,0
story,1,0,0,0,1,0,0,0,0,0
storied,0,0,0,1,1,0,0,0,0,0
strawberry,1,0,0,1,1,0,0,0,0,0
street,1,0,0,1,1,0,0,0,0,0
stress,1,0,0,0,1,0,0,0,0,0
strong,0,1,0,1,0,0,0,0,0,0
stronger,0,0,0,1,0,0,0,0,0,0
strongest,0,0,0,1,0,0,0,0,0,0
student,1,0,0,0,0,0,0,0,0,0
study,1,0,0,0,1,0,0,0,0,0
studied,0,0,0,1,1,0,0,0,0,0
subway,1,0,0,0,1,0,0,0,0,0
sugar,1,0,0,0,1,0,1,0,0,0
sun,1,0,0,0,1,0,0,0,1,0
sunned,0,0,0,0,1,0,0,0,0,0
sunning,0,0,0,0,1,0,0,0,0,0
supper,1,0,0,0,1,0,0,0,0,0
swim,1,0,0,0,1,0,0,0,0,0
swam,0,0,0,0,1,0,0,0,0,0
swimming,1,0,0,0,1,0,0,0,0,0
swum,0,0,0,0,1,0,0,0,0,0
table,1,0,0,0,1,0,0,0,0,0
tail,1,0,0,1,1,0,0,0,0,0
take,1,0,0,0,1,0,0,0,0,0
taken,0,0,0,1,1,0,0,0,0,0
took,0,0,0,0,1,0,0,0,0,0
talk,1,0,0,0,1,0,0,0,0,0
tall,1,0,0,1,0,0,0,0,0,0
tape,1,0,0,0,1,0,0,0,0,0
taste,1,0,0,0,1,0,0,0,0,0
teach,1,0,0,0,1,0,0,0,0,0
taught,0,0,0,0,1,0,0,0,0,0
teen,1,0,0,1,1,0,0,0,0,0
telephone,1,0,0,0,1,0,0,0,0,0
tell,1,0,0,0,1,0,0,0,0,0
told,0,0,0,0,1,0,0,0,0,0
test,1,0,0,0,1,0,0,0,0,0
textbook,1,0,0,1,0,0,0,0,0,0
than,0,1,1,0,0,1,0,0,0,0
thank,1,0,0,0,1,0,0,0,0,0
that,1,1,0,0,0,1,0,1,0,0
the,0,1,1,0,0,0,0,0,0,0
there,1,1,0,0,0,0,1,1,0,0
they,0,0,0,0,0,0,0,1,0,0
thing,1,0,0,0,1,0,0,0,0,0
think,1,0,0,0,1,0,0,0,0,0
thought,1,0,0,0,1,0,0,0,0,0
thirst,1,0,0,0,1,0,0,0,0,0
this,1,1,0,0,0,0,1,1,0,0
tiger,1,0,0,0,0,0,0,0,0,0
time,1,0,0,0,1,0,1,0,0,0
to,0,1,1,0,0,0,0,0,0,0
today,1,1,0,0,0,0,0,0,0,0
together,0,1,0,1,0,0,0,0,0,0
tomorrow,1,1,0,0,0,0,0,0,0,0
tonight,1,1,0,0,0,0,0,0,0,0
too,0,1,0,0,0,0,0,0,0,0
tooth,1,0,0,0,1,0,0,0,0,0
teeth,1,0,0,0,1,0,0,0,0,0
top,1,1,0,1,1,0,0,0,0,0
topped,0,0,0,0,1,0,0,0,0,0
topping,1,0,0,1,1,0,0,0,0,0
tour,1,0,0,0,1,0,0,0,0,0
tower,1,0,0,0,1,0,0,0,0,0
town,1,0,0,0,0,0,0,0,0,0
toy,1,0,0,0,1,0,0,0,0,0
train,1,0,0,0,1,0,0,0,0,0
travel,1,0,0,0,1,0,0,0,0,0
travelled,0,0,0,1,1,0,0,0,0,0
travelling,1,0,0,1,1,0,0,0,0,0
tree,1,0,0,0,1,0,0,0,0,0
triangle,1,0,0,0,0,0,0,0,0,0
trip,1,0,0,1,1,0,0,0,0,0
tripped,0,0,0,0,1,0,0,0,0,0
tripping,1,0,0,1,1,0,0,0,0,0
TRUE,1,1,0,1,1,0,0,0,0,0
truer,0,0,0,1,0,0,0,0,0,0
truest,0,0,0,1,0,0,0,0,0,0
try,1,0,0,1,1,0,0,0,0,0
tried,0,0,0,1,1,0,0,0,0,0
turn,1,0,0,0,1,0,0,0,0,0
twice,0,1,0,0,0,0,0,0,0,0
type,1,0,0,0,1,0,0,0,0,0
ugly,1,0,0,1,1,0,0,0,0,0
uglier,0,0,0,1,0,0,0,0,0,0
ugliest,0,0,0,1,0,0,0,0,0,0
umbrella,1,0,0,0,1,0,0,0,0,0
uncle,1,0,0,0,1,0,1,0,0,0
under,0,1,1,1,0,0,0,0,0,0
understand,0,0,0,0,1,0,0,0,0,0
understood,0,0,0,1,1,0,1,0,0,0
up,1,1,1,1,1,0,0,0,0,0
upped,0,0,0,0,1,0,0,0,0,0
upping,1,0,0,0,1,0,0,0,0,0
use,1,0,0,0,1,0,0,0,0,0
vegetable,1,0,0,1,0,0,0,0,0,0
very,0,1,0,1,0,0,0,0,0,0
visit,1,0,0,0,1,0,0,0,0,0
voice,1,0,0,0,1,0,0,0,0,0
wait,1,0,0,0,1,0,0,0,0,0
wake,1,0,0,0,1,0,0,0,0,0
woke,0,0,0,1,1,0,0,0,0,0
woken,0,0,0,0,1,0,0,0,0,0
walk,1,0,0,0,1,0,0,0,0,0
wall,1,0,0,0,1,0,1,0,0,0
want,1,0,0,0,1,0,0,0,0,0
war,1,0,0,0,1,0,0,0,0,0
warred,0,0,0,0,1,0,0,0,0,0
warring,1,0,0,1,1,0,0,0,0,0
warm,1,0,0,1,1,0,0,0,0,0
wash,1,0,0,0,1,0,0,0,0,0
watch,1,0,0,0,1,0,0,0,0,0
water,1,0,0,0,1,0,0,0,0,0
watermelon,1,0,0,0,0,0,0,0,0,0
way,1,1,0,0,1,0,1,0,0,0
we,0,0,0,0,0,0,0,1,0,0
wear,1,0,0,0,1,0,0,0,0,0
wore,0,0,0,0,1,0,0,0,0,0
worn,0,0,0,1,1,0,0,0,0,0
weather,1,0,0,1,1,0,0,0,0,0
wedding,1,0,0,0,1,0,0,0,0,0
week,1,0,0,0,0,0,0,0,0,0
weekend,1,0,0,1,1,0,0,0,0,0
weight,1,0,0,0,1,0,0,0,0,0
welcome,1,0,0,1,1,0,1,0,0,0
well,1,1,0,1,1,0,1,0,0,0
west,1,1,0,1,1,0,0,0,0,0
wet,1,0,0,1,1,0,0,0,0,0
wetted,0,0,0,0,1,0,0,0,0,0
wetting,1,0,0,1,1,0,0,0,0,0
wetter,1,0,0,1,0,0,0,0,0,0
wettest,0,0,0,1,1,0,0,0,0,0
what,1,1,0,0,0,0,1,1,0,0
when,1,1,0,0,0,1,1,1,0,0
where,1,1,0,0,0,1,0,1,0,0
white,1,0,0,1,1,0,0,0,0,0
who,1,0,0,0,0,0,0,1,0,0
why,1,1,0,0,0,0,1,0,0,0
wife,1,0,0,0,1,0,0,0,0,0
wives,1,0,0,0,0,0,0,0,0,0
will,1,0,0,0,1,0,0,0,0,0
win,1,0,0,0,1,0,0,0,0,0
winning,1,0,0,1,1,0,0,0,0,0
won,1,0,0,0,1,0,0,0,0,0
wind,1,0,0,0,1,0,0,0,0,0
wound,1,0,0,0,1,0,0,0,0,0
window,1,0,0,0,1,0,0,0,0,0
wish,1,0,0,0,1,0,0,0,0,0
with,1,1,1,0,0,0,0,0,0,0
woman,1,0,0,0,1,0,0,0,0,0
wood,1,0,0,1,1,0,0,0,0,0
word,1,0,0,0,1,0,1,0,0,0
work,1,0,0,0,1,0,0,0,0,0
wrought,0,0,0,1,1,0,0,0,0,0
world,1,0,0,0,1,0,0,0,0,0
worry,1,0,0,0,1,0,0,0,0,0
worried,0,0,0,1,1,0,0,0,0,0
write,1,0,0,0,1,0,0,0,0,0
written,0,0,0,1,1,0,0,0,0,0
wrote,0,0,0,0,1,0,0,0,0,0
wrong,1,1,0,1,1,0,0,0,0,0
year,1,0,0,0,0,0,0,0,0,0
yellow,1,0,0,1,1,0,0,0,0,0
yes,1,0,0,0,1,0,1,0,0,0
yep,1,1,0,0,0,0,0,0,0,0
yeah,1,0,0,0,0,0,1,0,0,0
yesterday,1,1,0,0,0,0,0,0,0,0
you,0,0,0,0,1,0,0,1,0,0
young,1,0,0,1,1,0,0,0,0,0
younger,1,0,0,1,0,0,0,0,0,0
youngest,1,0,0,1,0,0,0,0,0,0
zebra,1,0,0,0,0,0,0,0,0,0
zoo,1,0,0,0,0,0,0,0,0,0
be,1,0,0,0,1,0,0,0,0,0
is,0,0,0,0,1,0,0,0,0,0
was,0,0,0,0,1,0,0,0,0,0
cooky,1,0,0,0,0,0,0,0,0,0
cryings,1,0,0,1,0,0,0,0,0,0
dryest,0,0,0,1,0,0,0,0,0,0
easied,0,0,0,1,0,0,0,0,0,0
every,0,0,0,1,0,0,0,0,0,0
for,1,0,1,0,0,1,0,0,0,0
hatting,0,0,0,0,1,0,0,0,0,0
look,1,0,0,0,1,0,0,0,0,0
redded,0,0,0,0,1,0,0,0,0,0
shier,1,0,0,1,0,0,0,0,0,0
shiest,0,0,0,1,0,0,0,0,0,0
touch,1,0,0,0,1,0,0,0,0,0